{"codemirrorOptions":{"lineNumbers":true,"tabSize":4,"autofocus":true,"mode":{"name":"javascript","globalVars":true},"theme":"signavio","lineWrapping":true,"keyMap":"sublime","autoCloseBrackets":true,"toggleComment":true,"lint":{"options":{"esversion":9}},"showHint":true,"highlightSelectionMatches":true,"matchBrackets":true,"foldGutter":true,"gutters":["CodeMirror-linenumbers","CodeMirror-foldgutter"],"extraKeys":{"Ctrl-Space":"autocomplete"}},"jsheroOptions":{"themeClass":"dark","placeholder":"Welcome to jshero\n\n+o to open a file or just write here your code","recents":[]},"features":{"SETTINGS_PANEL":false}}